country,year,sex,age,suicides_no,population
Brazil,1979,female,15-24 years,385.0,12448100.0
Brazil,1979,female,25-34 years,227.0,8867900.0
Brazil,1979,female,35-54 years,269.0,10282200.0
Brazil,1979,female,5-14 years,47.0,14135000.0
Brazil,1979,female,55-74 years,121.0,4678800.0
Brazil,1979,female,75+ years,25.0,790700.0
Brazil,1979,male,15-24 years,568.0,12533100.0
Brazil,1979,male,25-34 years,583.0,8875800.0
Brazil,1979,male,35-54 years,784.0,10234300.0
Brazil,1979,male,5-14 years,26.0,14238600.0
Brazil,1979,male,55-74 years,358.0,4446200.0
Brazil,1979,male,75+ years,66.0,675400.0
Brazil,1980,female,15-24 years,410.0,12735900.0
Brazil,1980,female,25-34 years,234.0,9073000.0
Brazil,1980,female,35-54 years,347.0,10520000.0
Brazil,1980,female,5-14 years,34.0,14461800.0
Brazil,1980,female,55-74 years,124.0,4787000.0
Brazil,1980,female,75+ years,25.0,809000.0
Brazil,1980,male,15-24 years,597.0,12822900.0
Brazil,1980,male,25-34 years,658.0,9081000.0
Brazil,1980,male,35-54 years,836.0,10471000.0
Brazil,1980,male,5-14 years,26.0,14567800.0
Brazil,1980,male,55-74 years,468.0,4549000.0
Brazil,1980,male,75+ years,105.0,691000.0
Brazil,1981,female,15-24 years,439.0,13028200.0
Brazil,1981,female,25-34 years,261.0,9281200.0
Brazil,1981,female,35-54 years,283.0,10761400.0
Brazil,1981,female,5-14 years,37.0,14793700.0
Brazil,1981,female,55-74 years,139.0,4896800.0
Brazil,1981,female,75+ years,26.0,827600.0
Brazil,1981,male,15-24 years,729.0,13117100.0
Brazil,1981,male,25-34 years,722.0,9289400.0
Brazil,1981,male,35-54 years,884.0,10711300.0
Brazil,1981,male,5-14 years,37.0,14902200.0
Brazil,1981,male,55-74 years,380.0,4653300.0
Brazil,1981,male,75+ years,92.0,706900.0
Brazil,1982,female,15-24 years,374.0,13324800.0
Brazil,1982,female,25-34 years,246.0,9492600.0
Brazil,1982,female,35-54 years,264.0,11006400.0
Brazil,1982,female,5-14 years,41.0,15130500.0
Brazil,1982,female,55-74 years,114.0,5008300.0
Brazil,1982,female,75+ years,29.0,846400.0
Brazil,1982,male,15-24 years,675.0,13415800.0
Brazil,1982,male,25-34 years,731.0,9500900.0
Brazil,1982,male,35-54 years,876.0,10955300.0
Brazil,1982,male,5-14 years,30.0,15241400.0
Brazil,1982,male,55-74 years,417.0,4759300.0
Brazil,1982,male,75+ years,100.0,723000.0
Brazil,1983,female,15-24 years,435.0,13162600.0
Brazil,1983,female,25-34 years,272.0,10336100.0
Brazil,1983,female,35-54 years,318.0,11663100.0
Brazil,1983,female,5-14 years,41.0,14953600.0
Brazil,1983,female,55-74 years,182.0,5408000.0
Brazil,1983,female,75+ years,34.0,944900.0
Brazil,1983,male,15-24 years,715.0,13241400.0
Brazil,1983,male,25-34 years,775.0,10301800.0
Brazil,1983,male,35-54 years,1090.0,11472800.0
Brazil,1983,male,5-14 years,37.0,15021400.0
Brazil,1983,male,55-74 years,572.0,5135000.0
Brazil,1983,male,75+ years,91.0,804300.0
Brazil,1984,female,15-24 years,346.0,13456000.0
Brazil,1984,female,25-34 years,233.0,10566400.0
Brazil,1984,female,35-54 years,344.0,11923200.0
Brazil,1984,female,5-14 years,43.0,15286800.0
Brazil,1984,female,55-74 years,168.0,5528500.0
Brazil,1984,female,75+ years,19.0,966900.0
Brazil,1984,male,15-24 years,681.0,13536400.0
Brazil,1984,male,25-34 years,814.0,10531400.0
Brazil,1984,male,35-54 years,1082.0,11728400.0
Brazil,1984,male,5-14 years,27.0,15356200.0
Brazil,1984,male,55-74 years,523.0,5249500.0
Brazil,1984,male,75+ years,120.0,822200.0
Brazil,1985,female,15-24 years,280.0,13751800.0
Brazil,1985,female,25-34 years,269.0,10798700.0
Brazil,1985,female,35-54 years,296.0,12185200.0
Brazil,1985,female,5-14 years,41.0,15622900.0
Brazil,1985,female,55-74 years,148.0,5650100.0
Brazil,1985,female,75+ years,32.0,988100.0
Brazil,1985,male,15-24 years,661.0,13834000.0
Brazil,1985,male,25-34 years,791.0,10762900.0
Brazil,1985,male,35-54 years,1011.0,11986300.0
Brazil,1985,male,5-14 years,35.0,15693700.0
Brazil,1985,male,55-74 years,535.0,5364900.0
Brazil,1985,male,75+ years,129.0,840300.0
Brazil,1986,female,15-24 years,331.0,13514000.0
Brazil,1986,female,25-34 years,257.0,10614200.0
Brazil,1986,female,35-54 years,335.0,13195700.0
Brazil,1986,female,5-14 years,35.0,16001200.0
Brazil,1986,female,55-74 years,163.0,6093600.0
Brazil,1986,female,75+ years,33.0,1079400.0
Brazil,1986,male,15-24 years,685.0,13347500.0
Brazil,1986,male,25-34 years,754.0,9895200.0
Brazil,1986,male,35-54 years,967.0,12396000.0
Brazil,1986,male,5-14 years,27.0,16323800.0
Brazil,1986,male,55-74 years,581.0,5492100.0
Brazil,1986,male,75+ years,103.0,823700.0
Brazil,1987,female,15-24 years,291.0,14145640.0
Brazil,1987,female,25-34 years,266.0,11393405.0
Brazil,1987,female,35-54 years,349.0,13229129.0
Brazil,1987,female,5-14 years,32.0,16390962.0
Brazil,1987,female,55-74 years,197.0,5891414.0
Brazil,1987,female,75+ years,28.0,1018461.0
Brazil,1987,male,15-24 years,713.0,14119488.0
Brazil,1987,male,25-34 years,865.0,11266240.0
Brazil,1987,male,35-54 years,1100.0,12796733.0
Brazil,1987,male,5-14 years,35.0,16751806.0
Brazil,1987,male,55-74 years,647.0,5163568.0
Brazil,1987,male,75+ years,149.0,655621.0
Brazil,1988,female,15-24 years,281.0,14267683.0
Brazil,1988,female,25-34 years,266.0,11741737.0
Brazil,1988,female,35-54 years,333.0,13714531.0
Brazil,1988,female,5-14 years,25.0,16712381.0
Brazil,1988,female,55-74 years,182.0,6051315.0
Brazil,1988,female,75+ years,52.0,1057285.0
Brazil,1988,male,15-24 years,663.0,14249735.0
Brazil,1988,male,25-34 years,849.0,11593305.0
Brazil,1988,male,35-54 years,1115.0,13244446.0
Brazil,1988,male,5-14 years,35.0,17111833.0
Brazil,1988,male,55-74 years,530.0,5281479.0
Brazil,1988,male,75+ years,135.0,675564.0
Brazil,1989,female,15-24 years,261.0,14396938.0
Brazil,1989,female,25-34 years,247.0,12077302.0
Brazil,1989,female,35-54 years,318.0,14212092.0
Brazil,1989,female,5-14 years,35.0,17011362.0
Brazil,1989,female,55-74 years,166.0,6229420.0
Brazil,1989,female,75+ years,44.0,1090428.0
Brazil,1989,male,15-24 years,722.0,14394322.0
Brazil,1989,male,25-34 years,891.0,11906533.0
Brazil,1989,male,35-54 years,1067.0,13704169.0
Brazil,1989,male,5-14 years,28.0,17445679.0
Brazil,1989,male,55-74 years,543.0,5415199.0
Brazil,1989,male,75+ years,141.0,686864.0
Brazil,1990,female,15-24 years,304.0,14548740.0
Brazil,1990,female,25-34 years,250.0,12392001.0
Brazil,1990,female,35-54 years,394.0,14711203.0
Brazil,1990,female,5-14 years,32.0,17265236.0
Brazil,1990,female,55-74 years,196.0,6431086.0
Brazil,1990,female,75+ years,38.0,1117615.0
Brazil,1990,male,15-24 years,731.0,14568361.0
Brazil,1990,male,25-34 years,945.0,12198761.0
Brazil,1990,male,35-54 years,1127.0,14165486.0
Brazil,1990,male,5-14 years,34.0,17729894.0
Brazil,1990,male,55-74 years,601.0,5570146.0
Brazil,1990,male,75+ years,151.0,689024.0
Brazil,1991,female,15-24 years,303.0,14737389.0
Brazil,1991,female,25-34 years,266.0,12700804.0
Brazil,1991,female,35-54 years,331.0,15218376.0
Brazil,1991,female,5-14 years,35.0,17496257.0
Brazil,1991,female,55-74 years,222.0,6630160.0
Brazil,1991,female,75+ years,38.0,1172662.0
Brazil,1991,male,15-24 years,771.0,14774615.0
Brazil,1991,male,25-34 years,1002.0,12481850.0
Brazil,1991,male,35-54 years,1334.0,14626951.0
Brazil,1991,male,5-14 years,41.0,17989977.0
Brazil,1991,male,55-74 years,660.0,5727704.0
Brazil,1991,male,75+ years,153.0,725105.0
Brazil,1992,female,15-24 years,283.0,14937179.0
Brazil,1992,female,25-34 years,262.0,12985784.0
Brazil,1992,female,35-54 years,391.0,15718299.0
Brazil,1992,female,5-14 years,36.0,17651310.0
Brazil,1992,female,55-74 years,166.0,6848963.0
Brazil,1992,female,75+ years,36.0,1221291.0
Brazil,1992,male,15-24 years,816.0,14998739.0
Brazil,1992,male,25-34 years,981.0,12740352.0
Brazil,1992,male,35-54 years,1408.0,15081747.0
Brazil,1992,male,5-14 years,39.0,18169763.0
Brazil,1992,male,55-74 years,643.0,5899574.0
Brazil,1992,male,75+ years,146.0,754020.0
Brazil,1993,female,15-24 years,334.0,15156899.0
Brazil,1993,female,25-34 years,261.0,13246132.0
Brazil,1993,female,35-54 years,346.0,16228348.0
Brazil,1993,female,5-14 years,31.0,17732843.0
Brazil,1993,female,55-74 years,182.0,7082827.0
Brazil,1993,female,75+ years,33.0,1265590.0
Brazil,1993,male,15-24 years,917.0,15249319.0
Brazil,1993,male,25-34 years,1183.0,12975409.0
Brazil,1993,male,35-54 years,1374.0,15546851.0
Brazil,1993,male,5-14 years,51.0,18272195.0
Brazil,1993,male,55-74 years,628.0,6082548.0
Brazil,1993,male,75+ years,168.0,776516.0
Brazil,1994,female,15-24 years,372.0,15405279.0
Brazil,1994,female,25-34 years,291.0,13479427.0
Brazil,1994,female,35-54 years,369.0,16774482.0
Brazil,1994,female,5-14 years,46.0,17753766.0
Brazil,1994,female,55-74 years,174.0,7323575.0
Brazil,1994,female,75+ years,39.0,1307893.0
Brazil,1994,male,15-24 years,988.0,15533989.0
Brazil,1994,male,25-34 years,1228.0,13187454.0
Brazil,1994,male,35-54 years,1436.0,16047095.0
Brazil,1994,male,5-14 years,48.0,18311628.0
Brazil,1994,male,55-74 years,725.0,6270191.0
Brazil,1994,male,75+ years,180.0,793671.0
Brazil,1995,female,15-24 years,347.0,15683286.0
Brazil,1995,female,25-34 years,318.0,13683822.0
Brazil,1995,female,35-54 years,450.0,17368864.0
Brazil,1995,female,5-14 years,36.0,17734168.0
Brazil,1995,female,55-74 years,208.0,7566176.0
Brazil,1995,female,75+ years,42.0,1349701.0
Brazil,1995,male,15-24 years,1084.0,15852481.0
Brazil,1995,male,25-34 years,1318.0,13377021.0
Brazil,1995,male,35-54 years,1703.0,16593682.0
Brazil,1995,male,5-14 years,38.0,18309246.0
Brazil,1995,male,55-74 years,812.0,6459129.0
Brazil,1995,male,75+ years,180.0,806015.0
Brazil,1996,female,15-24 years,347.0,15978838.0
Brazil,1996,female,25-34 years,299.0,13851001.0
Brazil,1996,female,35-54 years,448.0,17981388.0
Brazil,1996,female,5-14 years,50.0,17684630.0
Brazil,1996,female,55-74 years,202.0,7790591.0
Brazil,1996,female,75+ years,52.0,1426991.0
Brazil,1996,male,15-24 years,1164.0,16172705.0
Brazil,1996,male,25-34 years,1265.0,13533249.0
Brazil,1996,male,35-54 years,1827.0,17150145.0
Brazil,1996,male,5-14 years,70.0,18270623.0
Brazil,1996,male,55-74 years,798.0,6651122.0
Brazil,1996,male,75+ years,176.0,861847.0
Brazil,1997,female,15-24 years,327.0,16301577.0
Brazil,1997,female,25-34 years,282.0,13987171.0
Brazil,1997,female,35-54 years,507.0,18634217.0
Brazil,1997,female,5-14 years,55.0,17600190.0
Brazil,1997,female,55-74 years,202.0,8017560.0
Brazil,1997,female,75+ years,44.0,1503183.0
Brazil,1997,male,15-24 years,1102.0,16523208.0
Brazil,1997,male,25-34 years,1349.0,13664422.0
Brazil,1997,male,35-54 years,1856.0,17744763.0
Brazil,1997,male,5-14 years,53.0,18197954.0
Brazil,1997,male,55-74 years,895.0,6842729.0
Brazil,1997,male,75+ years,219.0,915653.0
Brazil,1998,female,15-24 years,364.0,16629063.0
Brazil,1998,female,25-34 years,324.0,14109075.0
Brazil,1998,female,35-54 years,458.0,19311067.0
Brazil,1998,female,5-14 years,47.0,17496449.0
Brazil,1998,female,55-74 years,197.0,8252694.0
Brazil,1998,female,75+ years,55.0,1580747.0
Brazil,1998,male,15-24 years,1089.0,16881408.0
Brazil,1998,male,25-34 years,1288.0,13787276.0
Brazil,1998,male,35-54 years,1902.0,18361729.0
Brazil,1998,male,5-14 years,50.0,18105835.0
Brazil,1998,male,55-74 years,931.0,7040369.0
Brazil,1998,male,75+ years,217.0,968599.0
Brazil,1999,female,15-24 years,281.0,16927682.0
Brazil,1999,female,25-34 years,259.0,14242229.0
Brazil,1999,female,35-54 years,426.0,19987055.0
Brazil,1999,female,5-14 years,37.0,17392648.0
Brazil,1999,female,55-74 years,188.0,8504649.0
Brazil,1999,female,75+ years,35.0,1662705.0
Brazil,1999,male,15-24 years,1103.0,17212692.0
Brazil,1999,male,25-34 years,1199.0,13927042.0
Brazil,1999,male,35-54 years,1897.0,18977263.0
Brazil,1999,male,5-14 years,50.0,18012783.0
Brazil,1999,male,55-74 years,818.0,7252947.0
Brazil,1999,male,75+ years,214.0,1022378.0
Brazil,2000,female,15-24 years,345.0,17175577.0
Brazil,2000,female,25-34 years,271.0,14403448.0
Brazil,2000,female,35-54 years,456.0,20645897.0
Brazil,2000,female,5-14 years,43.0,17298023.0
Brazil,2000,female,55-74 years,220.0,8779652.0
Brazil,2000,female,75+ years,45.0,1750820.0
Brazil,2000,male,15-24 years,1037.0,17494250.0
Brazil,2000,male,25-34 years,1200.0,14100257.0
Brazil,2000,male,35-54 years,1989.0,19576126.0
Brazil,2000,male,5-14 years,42.0,17927425.0
Brazil,2000,male,55-74 years,900.0,7486883.0
Brazil,2000,male,75+ years,215.0,1077633.0
Brazil,2001,female,15-24 years,393.0,17361833.0
Brazil,2001,female,25-34 years,286.0,14578443.0
Brazil,2001,female,35-54 years,578.0,21260886.0
Brazil,2001,female,5-14 years,53.0,17212816.0
Brazil,2001,female,55-74 years,206.0,9044684.0
Brazil,2001,female,75+ years,41.0,1866958.0
Brazil,2001,male,15-24 years,1262.0,17698960.0
Brazil,2001,male,25-34 years,1398.0,14294493.0
Brazil,2001,male,35-54 years,2227.0,20128463.0
Brazil,2001,male,5-14 years,58.0,17846905.0
Brazil,2001,male,55-74 years,964.0,7721938.0
Brazil,2001,male,75+ years,244.0,1162417.0
Brazil,2002,female,15-24 years,411.0,17507998.0
Brazil,2002,female,25-34 years,334.0,14784790.0
Brazil,2002,female,35-54 years,607.0,21872177.0
Brazil,2002,female,5-14 years,55.0,17166101.0
Brazil,2002,female,55-74 years,225.0,9337808.0
Brazil,2002,female,75+ years,62.0,1988353.0
Brazil,2002,male,15-24 years,1226.0,17863758.0
Brazil,2002,male,25-34 years,1388.0,14524576.0
Brazil,2002,male,35-54 years,2178.0,20679204.0
Brazil,2002,male,5-14 years,55.0,17806637.0
Brazil,2002,male,55-74 years,937.0,7980513.0
Brazil,2002,male,75+ years,219.0,1249499.0
Brazil,2003,female,15-24 years,413.0,17607810.0
Brazil,2003,female,25-34 years,325.0,15019057.0
Brazil,2003,female,35-54 years,559.0,22469397.0
Brazil,2003,female,5-14 years,45.0,17147509.0
Brazil,2003,female,55-74 years,212.0,9660156.0
Brazil,2003,female,75+ years,51.0,2111283.0
Brazil,2003,male,15-24 years,1259.0,17983317.0
Brazil,2003,male,25-34 years,1394.0,14785559.0
Brazil,2003,male,35-54 years,2299.0,21219095.0
Brazil,2003,male,5-14 years,60.0,17794355.0
Brazil,2003,male,55-74 years,1002.0,8263894.0
Brazil,2003,male,75+ years,220.0,1335479.0
Brazil,2004,female,15-24 years,403.0,17657631.0
Brazil,2004,female,25-34 years,347.0,15276057.0
Brazil,2004,female,35-54 years,606.0,23041317.0
Brazil,2004,female,5-14 years,59.0,17135875.0
Brazil,2004,female,55-74 years,237.0,10012930.0
Brazil,2004,female,75+ years,51.0,2230220.0
Brazil,2004,male,15-24 years,1275.0,18054195.0
Brazil,2004,male,25-34 years,1475.0,15070514.0
Brazil,2004,male,35-54 years,2230.0,21738104.0
Brazil,2004,male,5-14 years,48.0,17787328.0
Brazil,2004,male,55-74 years,994.0,8573117.0
Brazil,2004,male,75+ years,270.0,1415780.0
Brazil,2005,female,15-24 years,405.0,17659079.0
Brazil,2005,female,25-34 years,369.0,15551589.0
Brazil,2005,female,35-54 years,664.0,23583263.0
Brazil,2005,female,5-14 years,54.0,17107519.0
Brazil,2005,female,55-74 years,259.0,10396739.0
Brazil,2005,female,75+ years,53.0,2343149.0
Brazil,2005,male,15-24 years,1247.0,18077858.0
Brazil,2005,male,25-34 years,1464.0,15374079.0
Brazil,2005,male,35-54 years,2490.0,22232378.0
Brazil,2005,male,5-14 years,52.0,17760955.0
Brazil,2005,male,55-74 years,1175.0,8908847.0
Brazil,2005,male,75+ years,297.0,1488505.0
Brazil,2006,female,15-24 years,387.0,17631557.0
Brazil,2006,female,25-34 years,333.0,15862415.0
Brazil,2006,female,35-54 years,708.0,24105759.0
Brazil,2006,female,5-14 years,61.0,17077355.0
Brazil,2006,female,55-74 years,265.0,10786642.0
Brazil,2006,female,75+ years,47.0,2466737.0
Brazil,2006,male,15-24 years,1293.0,18063460.0
Brazil,2006,male,25-34 years,1537.0,15717099.0
Brazil,2006,male,35-54 years,2536.0,22709135.0
Brazil,2006,male,5-14 years,64.0,17731288.0
Brazil,2006,male,55-74 years,1112.0,9247477.0
Brazil,2006,male,75+ years,275.0,1575798.0
Brazil,2007,female,15-24 years,379.0,17547530.0
Brazil,2007,female,25-34 years,392.0,16189977.0
Brazil,2007,female,35-54 years,723.0,24591528.0
Brazil,2007,female,5-14 years,51.0,17015233.0
Brazil,2007,female,55-74 years,275.0,11208413.0
Brazil,2007,female,75+ years,51.0,2581330.0
Brazil,2007,male,15-24 years,1267.0,17991928.0
Brazil,2007,male,25-34 years,1609.0,16075775.0
Brazil,2007,male,35-54 years,2516.0,23156759.0
Brazil,2007,male,5-14 years,67.0,17669069.0
Brazil,2007,male,55-74 years,1220.0,9611434.0
Brazil,2007,male,75+ years,305.0,1654216.0
Brazil,2008,female,15-24 years,398.0,17432076.0
Brazil,2008,female,25-34 years,365.0,16515414.0
Brazil,2008,female,35-54 years,745.0,25056164.0
Brazil,2008,female,5-14 years,49.0,16914401.0
Brazil,2008,female,55-74 years,309.0,11656750.0
Brazil,2008,female,75+ years,52.0,2693428.0
Brazil,2008,male,15-24 years,1375.0,17889839.0
Brazil,2008,male,25-34 years,1706.0,16430646.0
Brazil,2008,male,35-54 years,2608.0,23591045.0
Brazil,2008,male,5-14 years,55.0,17566837.0
Brazil,2008,male,55-74 years,1204.0,9996938.0
Brazil,2008,male,75+ years,318.0,1728094.0
Brazil,2009,female,15-24 years,343.0,17321655.0
Brazil,2009,female,25-34 years,351.0,16810330.0
Brazil,2009,female,35-54 years,768.0,25523153.0
Brazil,2009,female,5-14 years,52.0,16772250.0
Brazil,2009,female,55-74 years,301.0,12124076.0
Brazil,2009,female,75+ years,58.0,2811556.0
Brazil,2009,male,15-24 years,1270.0,17794434.0
Brazil,2009,male,25-34 years,1838.0,16753314.0
Brazil,2009,male,35-54 years,2737.0,24035191.0
Brazil,2009,male,5-14 years,62.0,17421892.0
Brazil,2009,male,55-74 years,1271.0,10398573.0
Brazil,2009,male,75+ years,295.0,1803127.0
Brazil,2010,female,15-24 years,368.0,17237481.0
Brazil,2010,female,25-34 years,404.0,17054489.0
Brazil,2010,female,35-54 years,835.0,26004856.0
Brazil,2010,female,5-14 years,48.0,16596829.0
Brazil,2010,female,55-74 years,339.0,12605588.0
Brazil,2010,female,75+ years,79.0,2940677.0
Brazil,2010,male,15-24 years,1288.0,17726866.0
Brazil,2010,male,25-34 years,1832.0,17023785.0
Brazil,2010,male,35-54 years,2586.0,24501254.0
Brazil,2010,male,5-14 years,56.0,17242386.0
Brazil,2010,male,55-74 years,1236.0,10813388.0
Brazil,2010,male,75+ years,358.0,1882113.0
Brazil,2011,female,15-24 years,413.0,17180849.0
Brazil,2011,female,25-34 years,400.0,17253232.0
Brazil,2011,female,35-54 years,805.0,26488792.0
Brazil,2011,female,5-14 years,47.0,16404101.0
Brazil,2011,female,55-74 years,352.0,13063915.0
Brazil,2011,female,75+ years,71.0,3110432.0
Brazil,2011,male,15-24 years,1335.0,17674787.0
Brazil,2011,male,25-34 years,1907.0,17249585.0
Brazil,2011,male,35-54 years,2754.0,24975171.0
Brazil,2011,male,5-14 years,63.0,17044425.0
Brazil,2011,male,55-74 years,1323.0,11208705.0
Brazil,2011,male,75+ years,352.0,2002447.0
Brazil,2012,female,15-24 years,383.0,17145894.0
Brazil,2012,female,25-34 years,455.0,17398447.0
Brazil,2012,female,35-54 years,877.0,26979566.0
Brazil,2012,female,5-14 years,41.0,16175024.0
Brazil,2012,female,55-74 years,418.0,13532752.0
Brazil,2012,female,75+ years,80.0,3285641.0
Brazil,2012,male,15-24 years,1313.0,17644319.0
Brazil,2012,male,25-34 years,1930.0,17418954.0
Brazil,2012,male,35-54 years,2885.0,25463652.0
Brazil,2012,male,5-14 years,79.0,16810876.0
Brazil,2012,male,55-74 years,1458.0,11612925.0
Brazil,2012,male,75+ years,376.0,2123165.0
Brazil,2013,female,15-24 years,362.0,17123318.0
Brazil,2013,female,25-34 years,393.0,17492228.0
Brazil,2013,female,35-54 years,897.0,27475364.0
Brazil,2013,female,5-14 years,50.0,15923724.0
Brazil,2013,female,55-74 years,433.0,14022927.0
Brazil,2013,female,75+ years,88.0,3462431.0
Brazil,2013,male,15-24 years,1317.0,17627508.0
Brazil,2013,male,25-34 years,2004.0,17534209.0
Brazil,2013,male,35-54 years,3053.0,25965164.0
Brazil,2013,male,5-14 years,72.0,16555477.0
Brazil,2013,male,55-74 years,1474.0,12036068.0
Brazil,2013,male,75+ years,370.0,2240434.0
Brazil,2014,female,15-24 years,371.0,17094729.0
Brazil,2014,female,25-34 years,457.0,17539955.0
Brazil,2014,female,35-54 years,871.0,27971096.0
Brazil,2014,female,5-14 years,62.0,15670559.0
Brazil,2014,female,55-74 years,389.0,14550395.0
Brazil,2014,female,75+ years,83.0,3634999.0
Brazil,2014,male,15-24 years,1358.0,17606681.0
Brazil,2014,male,25-34 years,1982.0,17601477.0
Brazil,2014,male,35-54 years,3050.0,26475231.0
Brazil,2014,male,5-14 years,84.0,16299015.0
Brazil,2014,male,55-74 years,1534.0,12492114.0
Brazil,2014,male,75+ years,390.0,2349303.0
Brazil,2015,female,15-24 years,397.0,17047218.0
Brazil,2015,female,25-34 years,466.0,17546090.0
Brazil,2015,female,35-54 years,910.0,28461855.0
Brazil,2015,female,5-14 years,56.0,15430579.0
Brazil,2015,female,55-74 years,479.0,15122216.0
Brazil,2015,female,75+ years,89.0,3802086.0
Brazil,2015,male,15-24 years,1389.0,17569045.0
Brazil,2015,male,25-34 years,1897.0,17625976.0
Brazil,2015,male,35-54 years,3238.0,26989063.0
Brazil,2015,male,5-14 years,79.0,16057040.0
Brazil,2015,male,55-74 years,1693.0,12987357.0
Brazil,2015,male,75+ years,470.0,2448560.0
Germany,1990,female,15-24 years,228.0,5288600.0
Germany,1990,female,25-34 years,434.0,6328000.0
Germany,1990,female,35-54 years,1128.0,10742900.0
Germany,1990,female,5-14 years,9.0,4067900.0
Germany,1990,female,55-74 years,1417.0,8537700.0
Germany,1990,female,75+ years,1174.0,3978800.0
Germany,1990,male,15-24 years,800.0,5565400.0
Germany,1990,male,25-34 years,1488.0,6721200.0
Germany,1990,male,35-54 years,3302.0,11127100.0
Germany,1990,male,5-14 years,22.0,4290400.0
Germany,1990,male,55-74 years,2406.0,6593100.0
Germany,1990,male,75+ years,1516.0,1717700.0
Germany,1991,female,15-24 years,185.0,5100000.0
Germany,1991,female,25-34 years,411.0,6488800.0
Germany,1991,female,35-54 years,1200.0,10784200.0
Germany,1991,female,5-14 years,5.0,4150500.0
Germany,1991,female,55-74 years,1400.0,8711800.0
Germany,1991,female,75+ years,1153.0,3906500.0
Germany,1991,male,15-24 years,775.0,5374900.0
Germany,1991,male,25-34 years,1523.0,6923800.0
Germany,1991,male,35-54 years,3427.0,11178200.0
Germany,1991,male,5-14 years,27.0,4374100.0
Germany,1991,male,55-74 years,2445.0,6843000.0
Germany,1991,male,75+ years,1459.0,1660100.0
Germany,1992,female,15-24 years,163.0,4914400.0
Germany,1992,female,25-34 years,384.0,6626000.0
Germany,1992,female,35-54 years,1093.0,10830700.0
Germany,1992,female,5-14 years,12.0,4236800.0
Germany,1992,female,55-74 years,1375.0,8957600.0
Germany,1992,female,75+ years,1105.0,3796100.0
Germany,1992,male,15-24 years,674.0,5203300.0
Germany,1992,male,25-34 years,1576.0,7109900.0
Germany,1992,male,35-54 years,3250.0,11253500.0
Germany,1992,male,5-14 years,26.0,4466700.0
Germany,1992,male,55-74 years,2405.0,7149100.0
Germany,1992,male,75+ years,1395.0,1587600.0
Germany,1993,female,15-24 years,157.0,4748600.0
Germany,1993,female,25-34 years,371.0,6736600.0
Germany,1993,female,35-54 years,1009.0,10876700.0
Germany,1993,female,5-14 years,13.0,4328200.0
Germany,1993,female,55-74 years,1296.0,9235200.0
Germany,1993,female,75+ years,884.0,3684600.0
Germany,1993,male,15-24 years,632.0,5047700.0
Germany,1993,male,25-34 years,1467.0,7256700.0
Germany,1993,male,35-54 years,3033.0,11313100.0
Germany,1993,male,5-14 years,47.0,4564700.0
Germany,1993,male,55-74 years,2485.0,7481800.0
Germany,1993,male,75+ years,1296.0,1519500.0
Germany,1994,female,15-24 years,170.0,4591200.0
Germany,1994,female,25-34 years,350.0,6777700.0
Germany,1994,female,35-54 years,971.0,10893100.0
Germany,1994,female,5-14 years,17.0,4401600.0
Germany,1994,female,55-74 years,1261.0,9477200.0
Germany,1994,female,75+ years,819.0,3631600.0
Germany,1994,male,15-24 years,682.0,4865000.0
Germany,1994,male,25-34 years,1541.0,7293700.0
Germany,1994,male,35-54 years,3154.0,11313100.0
Germany,1994,male,5-14 years,30.0,4637800.0
Germany,1994,male,55-74 years,2527.0,7799100.0
Germany,1994,male,75+ years,1196.0,1482300.0
Germany,1995,female,15-24 years,176.0,4487000.0
Germany,1995,female,25-34 years,343.0,6749100.0
Germany,1995,female,35-54 years,983.0,10912900.0
Germany,1995,female,5-14 years,14.0,4455000.0
Germany,1995,female,55-74 years,1266.0,9630800.0
Germany,1995,female,75+ years,884.0,3692800.0
Germany,1995,male,15-24 years,630.0,4738700.0
Germany,1995,male,25-34 years,1452.0,7257600.0
Germany,1995,male,35-54 years,3251.0,11336900.0
Germany,1995,male,5-14 years,38.0,4695200.0
Germany,1995,male,55-74 years,2597.0,8085300.0
Germany,1995,male,75+ years,1254.0,1506200.0
Germany,1996,female,15-24 years,157.0,4430800.0
Germany,1996,female,25-34 years,351.0,6663000.0
Germany,1996,female,35-54 years,937.0,10969800.0
Germany,1996,female,5-14 years,13.0,4475900.0
Germany,1996,female,55-74 years,1249.0,9712700.0
Germany,1996,female,75+ years,790.0,3802500.0
Germany,1996,male,15-24 years,589.0,4670600.0
Germany,1996,male,25-34 years,1441.0,7162600.0
Germany,1996,male,35-54 years,3023.0,11396300.0
Germany,1996,male,5-14 years,36.0,4720200.0
Germany,1996,male,55-74 years,2463.0,8320900.0
Germany,1996,male,75+ years,1176.0,1557200.0
Germany,1997,female,15-24 years,142.0,4408500.0
Germany,1997,female,25-34 years,363.0,6510000.0
Germany,1997,female,35-54 years,931.0,11111600.0
Germany,1997,female,5-14 years,8.0,4451600.0
Germany,1997,female,55-74 years,1175.0,9736500.0
Germany,1997,female,75+ years,802.0,3905400.0
Germany,1997,male,15-24 years,600.0,4633400.0
Germany,1997,male,25-34 years,1345.0,6985900.0
Germany,1997,male,35-54 years,3177.0,11528000.0
Germany,1997,male,5-14 years,28.0,4703100.0
Germany,1997,male,55-74 years,2550.0,8485700.0
Germany,1997,male,75+ years,1135.0,1608200.0
Germany,1998,female,15-24 years,155.0,4413700.0
Germany,1998,female,25-34 years,298.0,6286800.0
Germany,1998,female,35-54 years,855.0,11290200.0
Germany,1998,female,5-14 years,16.0,4418600.0
Germany,1998,female,55-74 years,1048.0,9724400.0
Germany,1998,female,75+ years,701.0,3977300.0
Germany,1998,male,15-24 years,589.0,4635800.0
Germany,1998,male,25-34 years,1251.0,6712100.0
Germany,1998,male,35-54 years,3039.0,11704700.0
Germany,1998,male,5-14 years,34.0,4658200.0
Germany,1998,male,55-74 years,2542.0,8601300.0
Germany,1998,male,75+ years,1126.0,1648000.0
Germany,1999,female,15-24 years,133.0,4447600.0
Germany,1999,female,25-34 years,265.0,6028800.0
Germany,1999,female,35-54 years,877.0,11487800.0
Germany,1999,female,5-14 years,9.0,4375300.0
Germany,1999,female,55-74 years,1045.0,9734700.0
Germany,1999,female,75+ years,749.0,4045200.0
Germany,1999,male,15-24 years,595.0,4669200.0
Germany,1999,male,25-34 years,1132.0,6411800.0
Germany,1999,male,35-54 years,2863.0,11918600.0
Germany,1999,male,5-14 years,26.0,4615600.0
Germany,1999,male,55-74 years,2421.0,8721900.0
Germany,1999,male,75+ years,1045.0,1684700.0
Germany,2000,female,15-24 years,137.0,4500217.0
Germany,2000,female,25-34 years,240.0,5783411.0
Germany,2000,female,35-54 years,834.0,11760414.0
Germany,2000,female,5-14 years,8.0,4328023.0
Germany,2000,female,55-74 years,1020.0,9663487.0
Germany,2000,female,75+ years,698.0,4115856.0
Germany,2000,male,15-24 years,575.0,4709057.0
Germany,2000,male,25-34 years,1002.0,6118772.0
Germany,2000,male,35-54 years,2937.0,12201076.0
Germany,2000,male,5-14 years,25.0,4562649.0
Germany,2000,male,55-74 years,2528.0,8760853.0
Germany,2000,male,75+ years,1069.0,1738251.0
Germany,2001,female,15-24 years,124.0,4561925.0
Germany,2001,female,25-34 years,221.0,5552605.0
Germany,2001,female,35-54 years,868.0,12069849.0
Germany,2001,female,5-14 years,11.0,4273747.0
Germany,2001,female,55-74 years,983.0,9568028.0
Germany,2001,female,75+ years,764.0,4192492.0
Germany,2001,male,15-24 years,593.0,4764237.0
Germany,2001,male,25-34 years,985.0,5850255.0
Germany,2001,male,35-54 years,3060.0,12523074.0
Germany,2001,male,5-14 years,37.0,4505958.0
Germany,2001,male,55-74 years,2415.0,8745869.0
Germany,2001,male,75+ years,1106.0,1813475.0
Germany,2002,female,15-24 years,141.0,4626561.0
Germany,2002,female,25-34 years,219.0,5348715.0
Germany,2002,female,35-54 years,905.0,12321464.0
Germany,2002,female,5-14 years,8.0,4220169.0
Germany,2002,female,55-74 years,1013.0,9531566.0
Germany,2002,female,75+ years,773.0,4251053.0
Germany,2002,male,15-24 years,609.0,4828748.0
Germany,2002,male,25-34 years,903.0,5614445.0
Germany,2002,male,35-54 years,3088.0,12777078.0
Germany,2002,male,5-14 years,16.0,4448685.0
Germany,2002,male,55-74 years,2354.0,8766453.0
Germany,2002,male,75+ years,1147.0,1898834.0
Germany,2003,female,15-24 years,155.0,4683375.0
Germany,2003,female,25-34 years,225.0,5161703.0
Germany,2003,female,35-54 years,887.0,12507791.0
Germany,2003,female,5-14 years,6.0,4150241.0
Germany,2003,female,55-74 years,925.0,9534506.0
Germany,2003,female,75+ years,775.0,4301218.0
Germany,2003,male,15-24 years,537.0,4883892.0
Germany,2003,male,25-34 years,868.0,5393875.0
Germany,2003,male,35-54 years,3157.0,12961625.0
Germany,2003,male,5-14 years,17.0,4373618.0
Germany,2003,male,55-74 years,2416.0,8804362.0
Germany,2003,male,75+ years,1187.0,2000255.0
Germany,2004,female,15-24 years,129.0,4726195.0
Germany,2004,female,25-34 years,180.0,5000272.0
Germany,2004,female,35-54 years,827.0,12631907.0
Germany,2004,female,5-14 years,7.0,4066582.0
Germany,2004,female,55-74 years,906.0,9568085.0
Germany,2004,female,75+ years,746.0,4360252.0
Germany,2004,male,15-24 years,518.0,4922745.0
Germany,2004,male,25-34 years,820.0,5196875.0
Germany,2004,male,35-54 years,3001.0,13080225.0
Germany,2004,male,5-14 years,16.0,4285546.0
Germany,2004,male,55-74 years,2413.0,8860469.0
Germany,2004,male,75+ years,1178.0,2112661.0
Germany,2005,female,15-24 years,117.0,4744626.0
Germany,2005,female,25-34 years,171.0,4889216.0
Germany,2005,female,35-54 years,840.0,12685901.0
Germany,2005,female,5-14 years,8.0,3979775.0
Germany,2005,female,55-74 years,939.0,9632657.0
Germany,2005,female,75+ years,664.0,4422784.0
Germany,2005,male,15-24 years,479.0,4939294.0
Germany,2005,male,25-34 years,730.0,5056621.0
Germany,2005,male,35-54 years,2875.0,13137730.0
Germany,2005,male,5-14 years,18.0,4194004.0
Germany,2005,male,55-74 years,2269.0,8943091.0
Germany,2005,male,75+ years,1160.0,2225555.0
Germany,2006,female,15-24 years,112.0,4727172.0
Germany,2006,female,25-34 years,154.0,4819150.0
Germany,2006,female,35-54 years,832.0,12694086.0
Germany,2006,female,5-14 years,9.0,3899892.0
Germany,2006,female,55-74 years,826.0,9713785.0
Germany,2006,female,75+ years,611.0,4471494.0
Germany,2006,male,15-24 years,455.0,4922196.0
Germany,2006,male,25-34 years,629.0,4963413.0
Germany,2006,male,35-54 years,2653.0,13148811.0
Germany,2006,male,5-14 years,20.0,4107557.0
Germany,2006,male,55-74 years,2314.0,9032770.0
Germany,2006,male,75+ years,1160.0,2328668.0
Germany,2007,female,15-24 years,110.0,4678848.0
Germany,2007,female,25-34 years,145.0,4782312.0
Germany,2007,female,35-54 years,742.0,12662132.0
Germany,2007,female,5-14 years,9.0,3835107.0
Germany,2007,female,55-74 years,796.0,9816096.0
Germany,2007,female,75+ years,595.0,4503136.0
Germany,2007,male,15-24 years,448.0,4875778.0
Germany,2007,male,25-34 years,654.0,4913538.0
Germany,2007,male,35-54 years,2539.0,13116847.0
Germany,2007,male,5-14 years,15.0,4039955.0
Germany,2007,male,55-74 years,2213.0,9135373.0
Germany,2007,male,75+ years,1143.0,2417463.0
Germany,2008,female,15-24 years,130.0,4619410.0
Germany,2008,female,25-34 years,157.0,4780395.0
Germany,2008,female,35-54 years,761.0,12574802.0
Germany,2008,female,5-14 years,6.0,3776108.0
Germany,2008,female,55-74 years,768.0,9926040.0
Germany,2008,female,75+ years,592.0,4521561.0
Germany,2008,male,15-24 years,456.0,4821264.0
Germany,2008,male,25-34 years,632.0,4906502.0
Germany,2008,male,35-54 years,2598.0,13021164.0
Germany,2008,male,5-14 years,11.0,3978422.0
Germany,2008,male,55-74 years,2199.0,9240436.0
Germany,2008,male,75+ years,1149.0,2496685.0
Germany,2009,female,15-24 years,121.0,4552176.0
Germany,2009,female,25-34 years,146.0,4784538.0
Germany,2009,female,35-54 years,788.0,12445519.0
Germany,2009,female,5-14 years,9.0,3726357.0
Germany,2009,female,55-74 years,789.0,9995593.0
Germany,2009,female,75+ years,520.0,4569198.0
Germany,2009,male,15-24 years,443.0,4760066.0
Germany,2009,male,25-34 years,637.0,4909814.0
Germany,2009,male,35-54 years,2628.0,12872657.0
Germany,2009,male,5-14 years,12.0,3925018.0
Germany,2009,male,55-74 years,2277.0,9307706.0
Germany,2009,male,75+ years,1209.0,2599960.0
Germany,2010,female,15-24 years,132.0,4489057.0
Germany,2010,female,25-34 years,177.0,4807946.0
Germany,2010,female,35-54 years,805.0,12316695.0
Germany,2010,female,5-14 years,6.0,3687564.0
Germany,2010,female,55-74 years,851.0,10027136.0
Germany,2010,female,75+ years,588.0,4669323.0
Germany,2010,male,15-24 years,474.0,4702588.0
Germany,2010,male,25-34 years,735.0,4940288.0
Germany,2010,male,35-54 years,2605.0,12731842.0
Germany,2010,male,5-14 years,22.0,3883512.0
Germany,2010,male,55-74 years,2358.0,9350157.0
Germany,2010,male,75+ years,1277.0,2742959.0
Germany,2011,female,15-24 years,122.0,4432422.0
Germany,2011,female,25-34 years,188.0,4854346.0
Germany,2011,female,35-54 years,757.0,12196847.0
Germany,2011,female,5-14 years,9.0,3641215.0
Germany,2011,female,55-74 years,802.0,10049757.0
Germany,2011,female,75+ years,624.0,4791265.0
Germany,2011,male,15-24 years,461.0,4653810.0
Germany,2011,male,25-34 years,684.0,5006064.0
Germany,2011,male,35-54 years,2582.0,12614051.0
Germany,2011,male,5-14 years,12.0,3835083.0
Germany,2011,male,55-74 years,2538.0,9396062.0
Germany,2011,male,75+ years,1374.0,2900218.0
Germany,2012,female,15-24 years,121.0,4384528.0
Germany,2012,female,25-34 years,187.0,4917857.0
Germany,2012,female,35-54 years,810.0,12089833.0
Germany,2012,female,5-14 years,9.0,3590435.0
Germany,2012,female,55-74 years,873.0,10078469.0
Germany,2012,female,75+ years,607.0,4920842.0
Germany,2012,male,15-24 years,439.0,4612682.0
Germany,2012,male,25-34 years,699.0,5099210.0
Germany,2012,male,35-54 years,2408.0,12515919.0
Germany,2012,male,5-14 years,11.0,3782823.0
Germany,2012,male,55-74 years,2302.0,9453082.0
Germany,2012,male,75+ years,1430.0,3062435.0
Germany,2013,female,15-24 years,111.0,4259808.0
Germany,2013,female,25-34 years,188.0,4928834.0
Germany,2013,female,35-54 years,808.0,11835769.0
Germany,2013,female,5-14 years,12.0,3529729.0
Germany,2013,female,55-74 years,875.0,9995322.0
Germany,2013,female,75+ years,641.0,4984061.0
Germany,2013,male,15-24 years,391.0,4474441.0
Germany,2013,male,25-34 years,739.0,5060529.0
Germany,2013,male,35-54 years,2423.0,12049310.0
Germany,2013,male,5-14 years,6.0,3723771.0
Germany,2013,male,55-74 years,2379.0,9314147.0
Germany,2013,male,75+ years,1518.0,3115267.0
Germany,2014,female,15-24 years,121.0,4215773.0
Germany,2014,female,25-34 years,182.0,5005685.0
Germany,2014,female,35-54 years,801.0,11728001.0
Germany,2014,female,5-14 years,8.0,3501907.0
Germany,2014,female,55-74 years,855.0,10013338.0
Germany,2014,female,75+ years,621.0,5151214.0
Germany,2014,male,15-24 years,397.0,4452615.0
Germany,2014,male,25-34 years,750.0,5179803.0
Germany,2014,male,35-54 years,2444.0,11949414.0
Germany,2014,male,5-14 years,20.0,3695813.0
Germany,2014,male,55-74 years,2410.0,9358747.0
Germany,2014,male,75+ years,1608.0,3300059.0
Germany,2015,female,15-24 years,136.0,4195185.0
Germany,2015,female,25-34 years,193.0,5061297.0
Germany,2015,female,35-54 years,800.0,11616616.0
Germany,2015,female,5-14 years,13.0,3517216.0
Germany,2015,female,55-74 years,908.0,10054932.0
Germany,2015,female,75+ years,635.0,5338738.0
Germany,2015,male,15-24 years,376.0,4520300.0
Germany,2015,male,25-34 years,721.0,5336932.0
Germany,2015,male,35-54 years,2267.0,11854531.0
Germany,2015,male,5-14 years,6.0,3716736.0
Germany,2015,male,55-74 years,2304.0,9436572.0
Germany,2015,male,75+ years,1729.0,3487628.0
Norway,1979,female,15-24 years,193.3153901734104,302300.0
Norway,1979,female,25-34 years,193.3153901734104,299100.0
Norway,1979,female,35-54 years,193.3153901734104,422700.0
Norway,1979,female,5-14 years,193.3153901734104,317200.0
Norway,1979,female,55-74 years,193.3153901734104,437400.0
Norway,1979,female,75+ years,193.3153901734104,143800.0
Norway,1979,male,15-24 years,193.3153901734104,316900.0
Norway,1979,male,25-34 years,193.3153901734104,318600.0
Norway,1979,male,35-54 years,193.3153901734104,433100.0
Norway,1979,male,5-14 years,193.3153901734104,334200.0
Norway,1979,male,55-74 years,193.3153901734104,389300.0
Norway,1979,male,75+ years,193.3153901734104,90300.0
Norway,1980,female,15-24 years,193.3153901734104,304100.0
Norway,1980,female,25-34 years,193.3153901734104,300400.0
Norway,1980,female,35-54 years,193.3153901734104,427900.0
Norway,1980,female,5-14 years,193.3153901734104,314400.0
Norway,1980,female,55-74 years,193.3153901734104,438800.0
Norway,1980,female,75+ years,193.3153901734104,148100.0
Norway,1980,male,15-24 years,193.3153901734104,319400.0
Norway,1980,male,25-34 years,193.3153901734104,319200.0
Norway,1980,male,35-54 years,193.3153901734104,439400.0
Norway,1980,male,5-14 years,193.3153901734104,330300.0
Norway,1980,male,55-74 years,193.3153901734104,391100.0
Norway,1980,male,75+ years,193.3153901734104,91800.0
Norway,1981,female,15-24 years,193.3153901734104,306300.0
Norway,1981,female,25-34 years,193.3153901734104,300200.0
Norway,1981,female,35-54 years,193.3153901734104,435900.0
Norway,1981,female,5-14 years,193.3153901734104,309700.0
Norway,1981,female,55-74 years,193.3153901734104,439400.0
Norway,1981,female,75+ years,193.3153901734104,152300.0
Norway,1981,male,15-24 years,193.3153901734104,321900.0
Norway,1981,male,25-34 years,193.3153901734104,318300.0
Norway,1981,male,35-54 years,193.3153901734104,448600.0
Norway,1981,male,5-14 years,193.3153901734104,324800.0
Norway,1981,male,55-74 years,193.3153901734104,391900.0
Norway,1981,male,75+ years,193.3153901734104,93300.0
Norway,1982,female,15-24 years,193.3153901734104,308600.0
Norway,1982,female,25-34 years,193.3153901734104,299400.0
Norway,1982,female,35-54 years,193.3153901734104,445700.0
Norway,1982,female,5-14 years,193.3153901734104,303400.0
Norway,1982,female,55-74 years,193.3153901734104,439000.0
Norway,1982,female,75+ years,193.3153901734104,156700.0
Norway,1982,male,15-24 years,193.3153901734104,324700.0
Norway,1982,male,25-34 years,193.3153901734104,316600.0
Norway,1982,male,35-54 years,193.3153901734104,459700.0
Norway,1982,male,5-14 years,193.3153901734104,317800.0
Norway,1982,male,55-74 years,193.3153901734104,391700.0
Norway,1982,male,75+ years,193.3153901734104,94900.0
Norway,1983,female,15-24 years,193.3153901734104,311400.0
Norway,1983,female,25-34 years,193.3153901734104,299400.0
Norway,1983,female,35-54 years,193.3153901734104,454900.0
Norway,1983,female,5-14 years,193.3153901734104,296200.0
Norway,1983,female,55-74 years,193.3153901734104,437800.0
Norway,1983,female,75+ years,193.3153901734104,161200.0
Norway,1983,male,15-24 years,193.3153901734104,327700.0
Norway,1983,male,25-34 years,193.3153901734104,315800.0
Norway,1983,male,35-54 years,193.3153901734104,470700.0
Norway,1983,male,5-14 years,193.3153901734104,310300.0
Norway,1983,male,55-74 years,193.3153901734104,390400.0
Norway,1983,male,75+ years,193.3153901734104,96800.0
Norway,1984,female,15-24 years,193.3153901734104,314300.0
Norway,1984,female,25-34 years,193.3153901734104,300300.0
Norway,1984,female,35-54 years,193.3153901734104,463500.0
Norway,1984,female,5-14 years,193.3153901734104,288800.0
Norway,1984,female,55-74 years,193.3153901734104,435800.0
Norway,1984,female,75+ years,193.3153901734104,165700.0
Norway,1984,male,15-24 years,193.3153901734104,330700.0
Norway,1984,male,25-34 years,193.3153901734104,315800.0
Norway,1984,male,35-54 years,193.3153901734104,481000.0
Norway,1984,male,5-14 years,193.3153901734104,302300.0
Norway,1984,male,55-74 years,193.3153901734104,388400.0
Norway,1984,male,75+ years,193.3153901734104,99100.0
Norway,1985,female,15-24 years,193.3153901734104,317200.0
Norway,1985,female,25-34 years,193.3153901734104,301600.0
Norway,1985,female,35-54 years,193.3153901734104,471900.0
Norway,1985,female,5-14 years,193.3153901734104,281700.0
Norway,1985,female,55-74 years,193.3153901734104,433000.0
Norway,1985,female,75+ years,193.3153901734104,170100.0
Norway,1985,male,15-24 years,193.3153901734104,333400.0
Norway,1985,male,25-34 years,193.3153901734104,316600.0
Norway,1985,male,35-54 years,193.3153901734104,491000.0
Norway,1985,male,5-14 years,193.3153901734104,295000.0
Norway,1985,male,55-74 years,193.3153901734104,386000.0
Norway,1985,male,75+ years,193.3153901734104,101000.0
Norway,1986,female,15-24 years,12.0,320000.0
Norway,1986,female,25-34 years,15.0,303600.0
Norway,1986,female,35-54 years,67.0,480100.0
Norway,1986,female,5-14 years,0.0,275100.0
Norway,1986,female,55-74 years,56.0,430100.0
Norway,1986,female,75+ years,10.0,173700.0
Norway,1986,male,15-24 years,69.0,336000.0
Norway,1986,male,25-34 years,86.0,318200.0
Norway,1986,male,35-54 years,137.0,500900.0
Norway,1986,male,5-14 years,7.0,288100.0
Norway,1986,male,55-74 years,101.0,383100.0
Norway,1986,male,75+ years,19.0,102800.0
Norway,1987,female,15-24 years,12.0,322900.0
Norway,1987,female,25-34 years,29.0,305900.0
Norway,1987,female,35-54 years,60.0,489000.0
Norway,1987,female,5-14 years,2.0,268800.0
Norway,1987,female,55-74 years,54.0,426400.0
Norway,1987,female,75+ years,6.0,178600.0
Norway,1987,male,15-24 years,80.0,339300.0
Norway,1987,male,25-34 years,94.0,321100.0
Norway,1987,male,35-54 years,149.0,511400.0
Norway,1987,male,5-14 years,3.0,281600.0
Norway,1987,male,55-74 years,125.0,379500.0
Norway,1987,male,75+ years,35.0,105000.0
Norway,1988,female,15-24 years,21.0,324100.0
Norway,1988,female,25-34 years,36.0,308000.0
Norway,1988,female,35-54 years,70.0,499700.0
Norway,1988,female,5-14 years,2.0,263400.0
Norway,1988,female,55-74 years,55.0,421700.0
Norway,1988,female,75+ years,14.0,182300.0
Norway,1988,male,15-24 years,91.0,341500.0
Norway,1988,male,25-34 years,102.0,324400.0
Norway,1988,male,35-54 years,163.0,523400.0
Norway,1988,male,5-14 years,5.0,276000.0
Norway,1988,male,55-74 years,113.0,375200.0
Norway,1988,male,75+ years,36.0,106900.0
Norway,1989,female,15-24 years,20.0,322400.0
Norway,1989,female,25-34 years,34.0,310100.0
Norway,1989,female,35-54 years,53.0,511100.0
Norway,1989,female,5-14 years,2.0,258500.0
Norway,1989,female,55-74 years,55.0,416200.0
Norway,1989,female,75+ years,15.0,185600.0
Norway,1989,male,15-24 years,88.0,339300.0
Norway,1989,male,25-34 years,83.0,327000.0
Norway,1989,male,35-54 years,162.0,535000.0
Norway,1989,male,5-14 years,1.0,271400.0
Norway,1989,male,55-74 years,106.0,370500.0
Norway,1989,male,75+ years,41.0,108700.0
Norway,1990,female,15-24 years,20.0,318800.0
Norway,1990,female,25-34 years,19.0,311900.0
Norway,1990,female,35-54 years,62.0,522500.0
Norway,1990,female,5-14 years,0.0,255100.0
Norway,1990,female,55-74 years,55.0,410600.0
Norway,1990,female,75+ years,15.0,188700.0
Norway,1990,male,15-24 years,74.0,334200.0
Norway,1990,male,25-34 years,92.0,329000.0
Norway,1990,male,35-54 years,159.0,546500.0
Norway,1990,male,5-14 years,4.0,268100.0
Norway,1990,male,55-74 years,125.0,365800.0
Norway,1990,male,75+ years,34.0,110100.0
Norway,1991,female,15-24 years,14.0,314100.0
Norway,1991,female,25-34 years,25.0,313900.0
Norway,1991,female,35-54 years,57.0,534500.0
Norway,1991,female,5-14 years,1.0,253800.0
Norway,1991,female,55-74 years,60.0,405400.0
Norway,1991,female,75+ years,19.0,191900.0
Norway,1991,male,15-24 years,90.0,328700.0
Norway,1991,male,25-34 years,92.0,331500.0
Norway,1991,male,35-54 years,162.0,558800.0
Norway,1991,male,5-14 years,4.0,267100.0
Norway,1991,male,55-74 years,120.0,361500.0
Norway,1991,male,75+ years,31.0,111400.0
Norway,1992,female,15-24 years,16.0,308300.0
Norway,1992,female,25-34 years,21.0,316800.0
Norway,1992,female,35-54 years,68.0,546600.0
Norway,1992,female,5-14 years,1.0,254700.0
Norway,1992,female,55-74 years,43.0,400400.0
Norway,1992,female,75+ years,18.0,195400.0
Norway,1992,male,15-24 years,91.0,322300.0
Norway,1992,male,25-34 years,78.0,335000.0
Norway,1992,male,35-54 years,142.0,570900.0
Norway,1992,male,5-14 years,4.0,268100.0
Norway,1992,male,55-74 years,98.0,358100.0
Norway,1992,male,75+ years,36.0,113200.0
Norway,1993,female,15-24 years,18.0,302000.0
Norway,1993,female,25-34 years,24.0,320500.0
Norway,1993,female,35-54 years,39.0,558100.0
Norway,1993,female,5-14 years,2.0,257700.0
Norway,1993,female,55-74 years,39.0,395900.0
Norway,1993,female,75+ years,19.0,198800.0
Norway,1993,male,15-24 years,69.0,315200.0
Norway,1993,male,25-34 years,85.0,338500.0
Norway,1993,male,35-54 years,162.0,582800.0
Norway,1993,male,5-14 years,5.0,271000.0
Norway,1993,male,55-74 years,86.0,355100.0
Norway,1993,male,75+ years,42.0,114900.0
Norway,1994,female,15-24 years,13.0,295400.0
Norway,1994,female,25-34 years,26.0,324400.0
Norway,1994,female,35-54 years,53.0,569000.0
Norway,1994,female,5-14 years,2.0,261500.0
Norway,1994,female,55-74 years,47.0,393000.0
Norway,1994,female,75+ years,11.0,201400.0
Norway,1994,male,15-24 years,64.0,307600.0
Norway,1994,male,25-34 years,84.0,341700.0
Norway,1994,male,35-54 years,131.0,594400.0
Norway,1994,male,5-14 years,6.0,275100.0
Norway,1994,male,55-74 years,69.0,353600.0
Norway,1994,male,75+ years,25.0,116200.0
Norway,1995,female,15-24 years,16.0,288900.0
Norway,1995,female,25-34 years,17.0,327600.0
Norway,1995,female,35-54 years,58.0,579000.0
Norway,1995,female,5-14 years,2.0,265900.0
Norway,1995,female,55-74 years,33.0,389500.0
Norway,1995,female,75+ years,11.0,205500.0
Norway,1995,male,15-24 years,68.0,300400.0
Norway,1995,male,25-34 years,76.0,344100.0
Norway,1995,male,35-54 years,137.0,604700.0
Norway,1995,male,5-14 years,7.0,279700.0
Norway,1995,male,55-74 years,94.0,351900.0
Norway,1995,male,75+ years,29.0,118700.0
Norway,1996,female,15-24 years,16.0,282700.0
Norway,1996,female,25-34 years,22.0,330400.0
Norway,1996,female,35-54 years,48.0,588700.0
Norway,1996,female,5-14 years,3.0,270700.0
Norway,1996,female,55-74 years,29.0,384700.0
Norway,1996,female,75+ years,10.0,210300.0
Norway,1996,male,15-24 years,62.0,293600.0
Norway,1996,male,25-34 years,80.0,345900.0
Norway,1996,male,35-54 years,122.0,614800.0
Norway,1996,male,5-14 years,6.0,284800.0
Norway,1996,male,55-74 years,82.0,349700.0
Norway,1996,male,75+ years,37.0,121700.0
Norway,1997,female,15-24 years,13.0,276800.0
Norway,1997,female,25-34 years,26.0,333300.0
Norway,1997,female,35-54 years,65.0,597800.0
Norway,1997,female,5-14 years,0.0,275300.0
Norway,1997,female,55-74 years,30.0,382000.0
Norway,1997,female,75+ years,12.0,214100.0
Norway,1997,male,15-24 years,58.0,287200.0
Norway,1997,male,25-34 years,57.0,347800.0
Norway,1997,male,35-54 years,133.0,624300.0
Norway,1997,male,5-14 years,3.0,290100.0
Norway,1997,male,55-74 years,90.0,349500.0
Norway,1997,male,75+ years,46.0,123900.0
Norway,1998,female,15-24 years,21.0,272000.0
Norway,1998,female,25-34 years,23.0,335200.0
Norway,1998,female,35-54 years,54.0,605700.0
Norway,1998,female,5-14 years,0.0,280100.0
Norway,1998,female,55-74 years,40.0,382100.0
Norway,1998,female,75+ years,11.0,217100.0
Norway,1998,male,15-24 years,67.0,282300.0
Norway,1998,male,25-34 years,93.0,349300.0
Norway,1998,male,35-54 years,132.0,632200.0
Norway,1998,male,5-14 years,5.0,295200.0
Norway,1998,male,55-74 years,77.0,352100.0
Norway,1998,male,75+ years,25.0,126100.0
Norway,1999,female,15-24 years,24.0,268442.0
Norway,1999,female,25-34 years,27.0,335741.0
Norway,1999,female,35-54 years,61.0,612468.0
Norway,1999,female,5-14 years,1.0,285484.0
Norway,1999,female,55-74 years,27.0,385118.0
Norway,1999,female,75+ years,13.0,219316.0
Norway,1999,male,15-24 years,79.0,278738.0
Norway,1999,male,25-34 years,91.0,349023.0
Norway,1999,male,35-54 years,135.0,639018.0
Norway,1999,male,5-14 years,1.0,300904.0
Norway,1999,male,55-74 years,99.0,357547.0
Norway,1999,male,75+ years,25.0,127946.0
Norway,2000,female,15-24 years,14.0,265784.0
Norway,2000,female,25-34 years,27.0,323870.0
Norway,2000,female,35-54 years,50.0,617821.0
Norway,2000,female,5-14 years,0.0,290467.0
Norway,2000,female,55-74 years,29.0,390859.0
Norway,2000,female,75+ years,12.0,220497.0
Norway,2000,male,15-24 years,70.0,276727.0
Norway,2000,male,25-34 years,80.0,336252.0
Norway,2000,male,35-54 years,151.0,644550.0
Norway,2000,male,5-14 years,4.0,306438.0
Norway,2000,male,55-74 years,77.0,365883.0
Norway,2000,male,75+ years,27.0,129167.0
Norway,2001,female,15-24 years,20.0,264797.0
Norway,2001,female,25-34 years,18.0,330804.0
Norway,2001,female,35-54 years,64.0,620966.0
Norway,2001,female,5-14 years,0.0,294716.0
Norway,2001,female,55-74 years,29.0,399140.0
Norway,2001,female,75+ years,7.0,221223.0
Norway,2001,male,15-24 years,61.0,276255.0
Norway,2001,male,25-34 years,76.0,341767.0
Norway,2001,male,35-54 years,145.0,647594.0
Norway,2001,male,5-14 years,0.0,310993.0
Norway,2001,male,55-74 years,90.0,376658.0
Norway,2001,male,75+ years,39.0,130190.0
Norway,2002,female,15-24 years,15.0,266365.0
Norway,2002,female,25-34 years,23.0,326338.0
Norway,2002,female,35-54 years,46.0,624015.0
Norway,2002,female,5-14 years,0.0,298572.0
Norway,2002,female,55-74 years,40.0,408933.0
Norway,2002,female,75+ years,8.0,221235.0
Norway,2002,male,15-24 years,49.0,277736.0
Norway,2002,male,25-34 years,74.0,335566.0
Norway,2002,male,35-54 years,116.0,650114.0
Norway,2002,male,5-14 years,2.0,315265.0
Norway,2002,male,55-74 years,85.0,388778.0
Norway,2002,male,75+ years,36.0,130772.0
Norway,2003,female,15-24 years,17.0,269608.0
Norway,2003,female,25-34 years,22.0,321320.0
Norway,2003,female,35-54 years,45.0,629033.0
Norway,2003,female,5-14 years,3.0,300868.0
Norway,2003,female,55-74 years,30.0,418033.0
Norway,2003,female,75+ years,11.0,220907.0
Norway,2003,male,15-24 years,58.0,280898.0
Norway,2003,male,25-34 years,70.0,328978.0
Norway,2003,male,35-54 years,134.0,654050.0
Norway,2003,male,5-14 years,6.0,317824.0
Norway,2003,male,55-74 years,79.0,400293.0
Norway,2003,male,75+ years,27.0,131312.0
Norway,2004,female,15-24 years,20.0,273419.0
Norway,2004,female,25-34 years,20.0,315751.0
Norway,2004,female,35-54 years,73.0,635240.0
Norway,2004,female,5-14 years,3.0,301536.0
Norway,2004,female,55-74 years,41.0,426811.0
Norway,2004,female,75+ years,13.0,220877.0
Norway,2004,male,15-24 years,58.0,285070.0
Norway,2004,male,25-34 years,59.0,322017.0
Norway,2004,male,35-54 years,138.0,659148.0
Norway,2004,male,5-14 years,0.0,318382.0
Norway,2004,male,55-74 years,75.0,411352.0
Norway,2004,male,75+ years,29.0,132357.0
Norway,2005,female,15-24 years,20.0,278355.0
Norway,2005,female,25-34 years,33.0,311116.0
Norway,2005,female,35-54 years,62.0,641651.0
Norway,2005,female,5-14 years,1.0,301502.0
Norway,2005,female,55-74 years,42.0,435604.0
Norway,2005,female,75+ years,15.0,221019.0
Norway,2005,male,15-24 years,50.0,290219.0
Norway,2005,male,25-34 years,73.0,316562.0
Norway,2005,male,35-54 years,135.0,665154.0
Norway,2005,male,5-14 years,4.0,318304.0
Norway,2005,male,55-74 years,73.0,422027.0
Norway,2005,male,75+ years,25.0,133579.0
Norway,2006,female,15-24 years,18.0,283975.0
Norway,2006,female,25-34 years,21.0,307388.0
Norway,2006,female,35-54 years,61.0,648666.0
Norway,2006,female,5-14 years,0.0,300630.0
Norway,2006,female,55-74 years,35.0,443984.0
Norway,2006,female,75+ years,6.0,220894.0
Norway,2006,male,15-24 years,68.0,296501.0
Norway,2006,male,25-34 years,63.0,312881.0
Norway,2006,male,35-54 years,135.0,672675.0
Norway,2006,male,5-14 years,1.0,317159.0
Norway,2006,male,55-74 years,90.0,432581.0
Norway,2006,male,75+ years,34.0,134769.0
Norway,2007,female,15-24 years,14.0,289740.0
Norway,2007,female,25-34 years,21.0,305124.0
Norway,2007,female,35-54 years,62.0,656105.0
Norway,2007,female,5-14 years,0.0,299559.0
Norway,2007,female,55-74 years,39.0,452989.0
Norway,2007,female,75+ years,13.0,220209.0
Norway,2007,male,15-24 years,45.0,303717.0
Norway,2007,male,25-34 years,60.0,312302.0
Norway,2007,male,35-54 years,127.0,682978.0
Norway,2007,male,5-14 years,2.0,315302.0
Norway,2007,male,55-74 years,71.0,443643.0
Norway,2007,male,75+ years,31.0,135701.0
Norway,2008,female,15-24 years,21.0,296143.0
Norway,2008,female,25-34 years,27.0,305368.0
Norway,2008,female,35-54 years,59.0,662760.0
Norway,2008,female,5-14 years,0.0,299282.0
Norway,2008,female,55-74 years,35.0,463679.0
Norway,2008,female,75+ years,16.0,219018.0
Norway,2008,male,15-24 years,48.0,310905.0
Norway,2008,male,25-34 years,59.0,314848.0
Norway,2008,male,35-54 years,127.0,694003.0
Norway,2008,male,5-14 years,1.0,314384.0
Norway,2008,male,55-74 years,83.0,455657.0
Norway,2008,male,75+ years,29.0,136042.0
Norway,2009,female,15-24 years,18.0,302896.0
Norway,2009,female,25-34 years,31.0,306776.0
Norway,2009,female,35-54 years,59.0,669131.0
Norway,2009,female,5-14 years,3.0,299406.0
Norway,2009,female,55-74 years,39.0,475431.0
Norway,2009,female,75+ years,7.0,217354.0
Norway,2009,male,15-24 years,51.0,317853.0
Norway,2009,male,25-34 years,64.0,317068.0
Norway,2009,male,35-54 years,153.0,702700.0
Norway,2009,male,5-14 years,1.0,314371.0
Norway,2009,male,55-74 years,111.0,468346.0
Norway,2009,male,75+ years,36.0,136204.0
Norway,2010,female,15-24 years,13.0,309730.0
Norway,2010,female,25-34 years,24.0,309282.0
Norway,2010,female,35-54 years,68.0,674673.0
Norway,2010,female,5-14 years,0.0,299351.0
Norway,2010,female,55-74 years,49.0,487412.0
Norway,2010,female,75+ years,10.0,215798.0
Norway,2010,male,15-24 years,59.0,325364.0
Norway,2010,male,25-34 years,62.0,320142.0
Norway,2010,male,35-54 years,132.0,709067.0
Norway,2010,male,5-14 years,1.0,313990.0
Norway,2010,male,55-74 years,99.0,481582.0
Norway,2010,male,75+ years,31.0,136494.0
Norway,2011,female,15-24 years,20.0,316334.0
Norway,2011,female,25-34 years,23.0,313943.0
Norway,2011,female,35-54 years,72.0,678645.0
Norway,2011,female,5-14 years,4.0,299327.0
Norway,2011,female,55-74 years,39.0,499653.0
Norway,2011,female,75+ years,6.0,214592.0
Norway,2011,male,15-24 years,58.0,332779.0
Norway,2011,male,25-34 years,73.0,326867.0
Norway,2011,male,35-54 years,161.0,715422.0
Norway,2011,male,5-14 years,3.0,313520.0
Norway,2011,male,55-74 years,103.0,495066.0
Norway,2011,male,75+ years,36.0,137152.0
Norway,2012,female,15-24 years,21.0,321497.0
Norway,2012,female,25-34 years,17.0,321049.0
Norway,2012,female,35-54 years,60.0,682003.0
Norway,2012,female,5-14 years,1.0,299751.0
Norway,2012,female,55-74 years,33.0,511533.0
Norway,2012,female,75+ years,14.0,213622.0
Norway,2012,male,15-24 years,45.0,338854.0
Norway,2012,male,25-34 years,61.0,336168.0
Norway,2012,male,35-54 years,148.0,721883.0
Norway,2012,male,5-14 years,1.0,313738.0
Norway,2012,male,55-74 years,81.0,508097.0
Norway,2012,male,75+ years,33.0,138390.0
Norway,2013,female,15-24 years,20.0,324191.0
Norway,2013,female,25-34 years,24.0,329495.0
Norway,2013,female,35-54 years,75.0,685393.0
Norway,2013,female,5-14 years,0.0,301211.0
Norway,2013,female,55-74 years,52.0,522697.0
Norway,2013,female,75+ years,5.0,213383.0
Norway,2013,male,15-24 years,44.0,342484.0
Norway,2013,male,25-34 years,56.0,345406.0
Norway,2013,male,35-54 years,154.0,727274.0
Norway,2013,male,5-14 years,1.0,315341.0
Norway,2013,male,55-74 years,92.0,520439.0
Norway,2013,male,75+ years,31.0,140291.0
Norway,2014,female,15-24 years,17.0,325164.0
Norway,2014,female,25-34 years,20.0,337592.0
Norway,2014,female,35-54 years,51.0,688993.0
Norway,2014,female,5-14 years,1.0,303487.0
Norway,2014,female,55-74 years,51.0,533630.0
Norway,2014,female,75+ years,7.0,214335.0
Norway,2014,male,15-24 years,38.0,344245.0
Norway,2014,male,25-34 years,71.0,353943.0
Norway,2014,male,35-54 years,147.0,732244.0
Norway,2014,male,5-14 years,2.0,317878.0
Norway,2014,male,55-74 years,110.0,532578.0
Norway,2014,male,75+ years,33.0,143089.0
Norway,2015,female,15-24 years,17.0,325007.0
Norway,2015,female,25-34 years,31.0,344788.0
Norway,2015,female,35-54 years,61.0,692881.0
Norway,2015,female,5-14 years,2.0,305804.0
Norway,2015,female,55-74 years,62.0,544131.0
Norway,2015,female,75+ years,17.0,215829.0
Norway,2015,male,15-24 years,43.0,345115.0
Norway,2015,male,25-34 years,64.0,361373.0
Norway,2015,male,35-54 years,140.0,736827.0
Norway,2015,male,5-14 years,2.0,320375.0
Norway,2015,male,55-74 years,119.0,544268.0
Norway,2015,male,75+ years,32.0,146511.0
